-- phpMyAdmin SQL Dump
-- version 5.0.2
-- https://www.phpmyadmin.net/
--
-- Host: 127.0.0.1
-- Gegenereerd op: 15 mrt 2021 om 13:14
-- Serverversie: 10.4.14-MariaDB
-- PHP-versie: 7.4.10

SET SQL_MODE = "NO_AUTO_VALUE_ON_ZERO";
START TRANSACTION;
SET time_zone = "+00:00";


/*!40101 SET @OLD_CHARACTER_SET_CLIENT=@@CHARACTER_SET_CLIENT */;
/*!40101 SET @OLD_CHARACTER_SET_RESULTS=@@CHARACTER_SET_RESULTS */;
/*!40101 SET @OLD_COLLATION_CONNECTION=@@COLLATION_CONNECTION */;
/*!40101 SET NAMES utf8mb4 */;

--
-- Database: `webshop`
--

-- --------------------------------------------------------

--
-- Tabelstructuur voor tabel `admin`
--

CREATE TABLE `admin` (
  `id` int(11) NOT NULL,
  `username` varchar(255) NOT NULL,
  `password` varchar(255) NOT NULL
) ENGINE=InnoDB DEFAULT CHARSET=utf8;

--
-- Gegevens worden geëxporteerd voor tabel `admin`
--

INSERT INTO `admin` (`id`, `username`, `password`) VALUES
(1, 'admin', '12345');

-- --------------------------------------------------------

--
-- Tabelstructuur voor tabel `category`
--

CREATE TABLE `category` (
  `category_id` int(11) NOT NULL,
  `name` varchar(255) NOT NULL,
  `description` varchar(255) NOT NULL,
  `active` tinyint(1) NOT NULL
) ENGINE=InnoDB DEFAULT CHARSET=utf8mb4;

--
-- Gegevens worden geëxporteerd voor tabel `category`
--

INSERT INTO `category` (`category_id`, `name`, `description`, `active`) VALUES
(1, 'tafellamp', 'Tafellampen zijn binnenlampen voor op tafel.', 1),
(2, 'buitenlamp', 'Buitenlampen zijn lampen voor buiten.', 1),
(3, 'designlamp', 'Designlampen zijn mooie lampen.', 1),
(4, 'bureaulamp', 'Bureaulampen zijn lampen voor op een bureau.', 1);

-- --------------------------------------------------------

--
-- Tabelstructuur voor tabel `klant`
--

CREATE TABLE `klant` (
  `id` int(6) NOT NULL,
  `gender` varchar(255) NOT NULL,
  `firstName` varchar(255) NOT NULL,
  `middleName` varchar(255) NOT NULL,
  `lastName` varchar(255) NOT NULL,
  `street` varchar(255) NOT NULL,
  `houseNumber` int(6) NOT NULL,
  `houseNumber_addon` varchar(255) NOT NULL,
  `zipCode` varchar(255) NOT NULL,
  `city` varchar(255) NOT NULL,
  `phone` int(66) NOT NULL,
  `mail` varchar(255) NOT NULL,
  `password` varchar(255) NOT NULL,
  `newsletter` tinyint(1) NOT NULL
) ENGINE=InnoDB DEFAULT CHARSET=utf8mb4;

-- --------------------------------------------------------

--
-- Tabelstructuur voor tabel `product`
--

CREATE TABLE `product` (
  `product_id` int(11) NOT NULL,
  `name` varchar(255) NOT NULL,
  `description` text NOT NULL,
  `category_id` int(11) NOT NULL,
  `price` int(11) NOT NULL,
  `color` varchar(255) NOT NULL,
  `weight` int(11) NOT NULL,
  `active` tinyint(1) NOT NULL
) ENGINE=InnoDB DEFAULT CHARSET=utf8mb4;

--
-- Gegevens worden geëxporteerd voor tabel `product`
--

INSERT INTO `product` (`product_id`, `name`, `description`, `category_id`, `price`, `color`, `weight`, `active`) VALUES
(1, 'Arstid', 'De lampenkap van textiel geeft een zacht en decoratief licht.\r\n<br><br>\r\nLichtbron wordt apart verkocht. IKEA adviseert de led-lamp E27 globevorm opaalwit.\r\n<br><b>\r\nGebruik een opalen lichtbron als je een gewone lampenkap of lamp hebt en je een gelijkmatig, gespreid licht wilt.\r\n<br><br>\r\nVoorzien van trekschakelaar.\r\n<br><br>\r\nDit product is CE-gecertificeerd.\r\n\r\nGoed te completeren met andere lampen uit dezelfde serie.', 1, 40, 'wit', 300, 1),
(2, 'Buitenlamp', 'De lampenkap van textiel geeft een zacht en decoratief licht.\r\n<br><br>\r\nLichtbron wordt apart verkocht. IKEA adviseert de led-lamp E27 globevorm opaalwit.\r\n<br><b>\r\nGebruik een opalen lichtbron als je een gewone lampenkap of lamp hebt en je een gelijkmatig, gespreid licht wilt.\r\n<br><br>\r\nVoorzien van trekschakelaar.\r\n<br><br>\r\nDit product is CE-gecertificeerd.\r\n\r\nGoed te completeren met andere lampen uit dezelfde serie.', 2, 40, 'zwart', 300, 1),
(3, 'Gans', 'De lampenkap van textiel geeft een zacht en decoratief licht.\r\n<br><br>\r\nLichtbron wordt apart verkocht. IKEA adviseert de led-lamp E27 globevorm opaalwit.\r\n<br><b>\r\nGebruik een opalen lichtbron als je een gewone lampenkap of lamp hebt en je een gelijkmatig, gespreid licht wilt.\r\n<br><br>\r\nVoorzien van trekschakelaar.\r\n<br><br>\r\nDit product is CE-gecertificeerd.\r\n\r\nGoed te completeren met andere lampen uit dezelfde serie.', 3, 40, 'goud', 300, 1),
(4, 'Giraf', 'De lampenkap van textiel geeft een zacht en decoratief licht.\r\n<br><br>\r\nLichtbron wordt apart verkocht. IKEA adviseert de led-lamp E27 globevorm opaalwit.\r\n<br><b>\r\nGebruik een opalen lichtbron als je een gewone lampenkap of lamp hebt en je een gelijkmatig, gespreid licht wilt.\r\n<br><br>\r\nVoorzien van trekschakelaar.\r\n<br><br>\r\nDit product is CE-gecertificeerd.\r\n\r\nGoed te completeren met andere lampen uit dezelfde serie.', 3, 40, 'goud', 300, 1),
(5, 'Hektar', 'De lampenkap van textiel geeft een zacht en decoratief licht.\r\n<br><br>\r\nLichtbron wordt apart verkocht. IKEA adviseert de led-lamp E27 globevorm opaalwit.\r\n<br><b>\r\nGebruik een opalen lichtbron als je een gewone lampenkap of lamp hebt en je een gelijkmatig, gespreid licht wilt.\r\n<br><br>\r\nVoorzien van trekschakelaar.\r\n<br><br>\r\nDit product is CE-gecertificeerd.\r\n\r\nGoed te completeren met andere lampen uit dezelfde serie.', 4, 40, 'zwart', 300, 1),
(6, 'Jesse', 'De lampenkap van textiel geeft een zacht en decoratief licht.\r\n<br><br>\r\nLichtbron wordt apart verkocht. IKEA adviseert de led-lamp E27 globevorm opaalwit.\r\n<br><b>\r\nGebruik een opalen lichtbron als je een gewone lampenkap of lamp hebt en je een gelijkmatig, gespreid licht wilt.\r\n<br><br>\r\nVoorzien van trekschakelaar.\r\n<br><br>\r\nDit product is CE-gecertificeerd.\r\n\r\nGoed te completeren met andere lampen uit dezelfde serie.', 4, 40, 'zwart', 300, 1),
(7, 'Lampje', 'De lampenkap van textiel geeft een zacht en decoratief licht.\r\n<br><br>\r\nLichtbron wordt apart verkocht. IKEA adviseert de led-lamp E27 globevorm opaalwit.\r\n<br><b>\r\nGebruik een opalen lichtbron als je een gewone lampenkap of lamp hebt en je een gelijkmatig, gespreid licht wilt.\r\n<br><br>\r\nVoorzien van trekschakelaar.\r\n<br><br>\r\nDit product is CE-gecertificeerd.\r\n\r\nGoed te completeren met andere lampen uit dezelfde serie.', 3, 40, 'zwart', 300, 1),
(8, 'Llahra', 'De lampenkap van textiel geeft een zacht en decoratief licht.\r\n<br><br>\r\nLichtbron wordt apart verkocht. IKEA adviseert de led-lamp E27 globevorm opaalwit.\r\n<br><b>\r\nGebruik een opalen lichtbron als je een gewone lampenkap of lamp hebt en je een gelijkmatig, gespreid licht wilt.\r\n<br><br>\r\nVoorzien van trekschakelaar.\r\n<br><br>\r\nDit product is CE-gecertificeerd.\r\n\r\nGoed te completeren met andere lampen uit dezelfde serie.', 3, 40, 'zwart', 300, 1),
(9, 'Struisvogel', 'De lampenkap van textiel geeft een zacht en decoratief licht.\r\n<br><br>\r\nLichtbron wordt apart verkocht. IKEA adviseert de led-lamp E27 globevorm opaalwit.\r\n<br><b>\r\nGebruik een opalen lichtbron als je een gewone lampenkap of lamp hebt en je een gelijkmatig, gespreid licht wilt.\r\n<br><br>\r\nVoorzien van trekschakelaar.\r\n<br><br>\r\nDit product is CE-gecertificeerd.\r\n\r\nGoed te completeren met andere lampen uit dezelfde serie.', 3, 40, 'goud', 300, 1);

-- --------------------------------------------------------

--
-- Tabelstructuur voor tabel `product_image`
--

CREATE TABLE `product_image` (
  `product_image_id` int(11) NOT NULL,
  `product_id` int(11) NOT NULL,
  `image` varchar(255) NOT NULL,
  `active` tinyint(1) NOT NULL
) ENGINE=InnoDB DEFAULT CHARSET=utf8mb4;

--
-- Gegevens worden geëxporteerd voor tabel `product_image`
--

INSERT INTO `product_image` (`product_image_id`, `product_id`, `image`, `active`) VALUES
(1, 1, 'arstid.jpg', 1),
(2, 2, 'buitenlamp.jpg', 1),
(3, 2, 'buitenlamp2.jpg', 1),
(4, 3, 'gans.jpg', 1),
(5, 4, 'giraf.jpg', 1),
(6, 4, 'giraf2.jpg', 1),
(7, 5, 'hektar.jpg', 1),
(8, 6, 'jesse.jpg', 1),
(9, 7, 'lampje.jpg', 1),
(10, 8, 'llahra.jpg', 1),
(11, 9, 'struisvogel.jpg', 1);

-- --------------------------------------------------------

--
-- Tabelstructuur voor tabel `user`
--

CREATE TABLE `user` (
  `id` int(11) NOT NULL,
  `firstName` varchar(255) NOT NULL,
  `lastname` varchar(255) NOT NULL,
  `birthDate` date NOT NULL,
  `email` varchar(255) NOT NULL,
  `password` varchar(255) NOT NULL
) ENGINE=InnoDB DEFAULT CHARSET=utf8mb4;

--
-- Gegevens worden geëxporteerd voor tabel `user`
--

INSERT INTO `user` (`id`, `firstName`, `lastname`, `birthDate`, `email`, `password`) VALUES
(1, 'Hugo', 'de Heus', '2004-03-23', 'hugo.5555@gmail.com', 'password'),
(2, 'Docent', 'Docent', '2000-01-01', 'docent.5555@gmail.com', '12345');

--
-- Indexen voor geëxporteerde tabellen
--

--
-- Indexen voor tabel `admin`
--
ALTER TABLE `admin`
  ADD PRIMARY KEY (`id`),
  ADD UNIQUE KEY `username` (`username`);

--
-- Indexen voor tabel `category`
--
ALTER TABLE `category`
  ADD PRIMARY KEY (`category_id`);

--
-- Indexen voor tabel `klant`
--
ALTER TABLE `klant`
  ADD PRIMARY KEY (`id`);

--
-- Indexen voor tabel `product`
--
ALTER TABLE `product`
  ADD PRIMARY KEY (`product_id`);

--
-- Indexen voor tabel `product_image`
--
ALTER TABLE `product_image`
  ADD PRIMARY KEY (`product_image_id`);

--
-- Indexen voor tabel `user`
--
ALTER TABLE `user`
  ADD PRIMARY KEY (`id`);

--
-- AUTO_INCREMENT voor geëxporteerde tabellen
--

--
-- AUTO_INCREMENT voor een tabel `admin`
--
ALTER TABLE `admin`
  MODIFY `id` int(11) NOT NULL AUTO_INCREMENT, AUTO_INCREMENT=3;

--
-- AUTO_INCREMENT voor een tabel `category`
--
ALTER TABLE `category`
  MODIFY `category_id` int(11) NOT NULL AUTO_INCREMENT, AUTO_INCREMENT=5;

--
-- AUTO_INCREMENT voor een tabel `klant`
--
ALTER TABLE `klant`
  MODIFY `id` int(6) NOT NULL AUTO_INCREMENT;

--
-- AUTO_INCREMENT voor een tabel `product`
--
ALTER TABLE `product`
  MODIFY `product_id` int(11) NOT NULL AUTO_INCREMENT, AUTO_INCREMENT=10;

--
-- AUTO_INCREMENT voor een tabel `product_image`
--
ALTER TABLE `product_image`
  MODIFY `product_image_id` int(11) NOT NULL AUTO_INCREMENT, AUTO_INCREMENT=14;

--
-- AUTO_INCREMENT voor een tabel `user`
--
ALTER TABLE `user`
  MODIFY `id` int(11) NOT NULL AUTO_INCREMENT, AUTO_INCREMENT=3;
COMMIT;

/*!40101 SET CHARACTER_SET_CLIENT=@OLD_CHARACTER_SET_CLIENT */;
/*!40101 SET CHARACTER_SET_RESULTS=@OLD_CHARACTER_SET_RESULTS */;
/*!40101 SET COLLATION_CONNECTION=@OLD_COLLATION_CONNECTION */;
